value1,value2,result,operation,time
1,2,3.0,addition,1639597614.504118
1,2,0.5,division,1639597617.874598
1,2,3.0,addition,1639597656.138752
1,2,3.0,addition,1639597821.382506
1,0,1.0,addition,1639597825.035438
